[
    {
        "id": 88,
        "transaction_name": "user1",
        "transaction_details": "bike rent",
        "transaction_price": "100",
        "created_by_id": "1",
        "created_by_name": "shafwan",
        "created_time": "2023-08-17 09:50:27",
        "expiry_time": "2023-08-17 11:50:27",
        "approval_time": "2023-08-17 10:28:58",
        "approved": true
    },
    {
        "id": 91,
        "transaction_name": "shafwan",
        "transaction_details": "abcdefg",
        "transaction_price": "20",
        "created_by_id": "3",
        "created_by_name": "user1",
        "created_time": "2023-08-17 11:39:00",
        "approval_time": "2023-08-17 11:39:19",
        "approved": true
    },
    {
        "id": 92,
        "transaction_name": "user2",
        "transaction_details": "mu sus",
        "transaction_price": "30",
        "created_by_id": "1",
        "created_by_name": "shafwan",
        "created_time": "2023-08-17 11:43:11",
        "approval_time": "2023-08-17 11:43:51",
        "approved": true
    },
    {
        "id": 93,
        "transaction_name": "user2",
        "transaction_details": "xyz",
        "transaction_price": "30",
        "created_by_id": "1",
        "created_by_name": "shafwan",
        "created_time": "2023-08-17 14:19:03",
        "approval_time": "2023-08-17 14:42:19"
    }
]