[
    {
        "id": 89,
        "transaction_name": "user2",
        "transaction_details": "Current Bill",
        "transaction_price": "50",
        "created_by_id": "1",
        "created_by_name": "shafwan",
        "created_time": "2023-08-17 10:38:18",
        "expiry_time": "2023-08-17 12:38:18",
        "approval_time": "2023-08-17 10:43:59",
        "approved": true
    },
    {
        "id": 90,
        "transaction_name": "user1",
        "transaction_details": "Buy internet",
        "transaction_price": "20",
        "created_by_id": "1",
        "created_by_name": "shafwan",
        "created_time": "2023-08-17 11:23:41",
        "expiry_time": "2023-08-17 13:23:41",
        "approval_time": "2023-08-17 11:24:02",
        "approved": true
    },
    {
        "id": 93,
        "transaction_name": "user2",
        "transaction_details": "xyz",
        "transaction_price": "30",
        "created_by_id": "1",
        "created_by_name": "shafwan",
        "created_time": "2023-08-17 14:19:03",
        "approval_time": "2023-08-17 14:42:19"
    }
]