[
    {
        "id": 88,
        "transaction_name": "user1",
        "transaction_details": "bike rent",
        "transaction_price": "100",
        "created_by_id": "1",
        "created_by_name": "shafwan",
        "created_time": "2023-08-17 09:50:27",
        "expiry_time": "2023-08-17 11:50:27",
        "approval_time": "2023-08-17 10:27:44",
        "approved": true
    },
    {
        "id": 89,
        "transaction_name": "user2",
        "transaction_details": "Current Bill",
        "transaction_price": "50",
        "created_by_id": "1",
        "created_by_name": "shafwan",
        "created_time": "2023-08-17 10:38:18",
        "expiry_time": "2023-08-17 12:38:18",
        "approval_time": "2023-08-17 11:24:24",
        "approved": true
    },
    {
        "id": 90,
        "transaction_name": "user1",
        "transaction_details": "Buy internet",
        "transaction_price": "20",
        "created_by_id": "1",
        "created_by_name": "shafwan",
        "created_time": "2023-08-17 11:23:41",
        "expiry_time": "2023-08-17 13:23:41",
        "approval_time": "2023-08-17 11:36:52",
        "approved": true
    },
    {
        "id": 91,
        "transaction_name": "shafwan",
        "transaction_details": "abcdefg",
        "transaction_price": "20",
        "created_by_id": "3",
        "created_by_name": "user1",
        "created_time": "2023-08-17 11:39:00",
        "approval_time": "2023-08-17 11:39:52",
        "approved": true
    },
    {
        "id": 92,
        "transaction_name": "user2",
        "transaction_details": "mu sus",
        "transaction_price": "30",
        "created_by_id": "1",
        "created_by_name": "shafwan",
        "created_time": "2023-08-17 11:43:11",
        "approval_time": "2023-08-17 11:43:33",
        "approved": true
    },
    {
        "id": 93,
        "transaction_name": "user2",
        "transaction_details": "xyz",
        "transaction_price": "30",
        "created_by_id": "1",
        "created_by_name": "shafwan",
        "created_time": "2023-08-17 14:19:03",
        "approval_time": "2023-08-17 14:41:02"
    },
    {
        "id": 94,
        "transaction_name": "user2",
        "transaction_details": "cycle rent",
        "transaction_price": "5",
        "created_by_id": "1",
        "created_by_name": "shafwan",
        "created_time": "2023-08-17 14:55:40",
        "approval_time": "2023-08-17 14:56:22"
    }
]